class,recall,precision,fpr,f1
WWW,0.997051,0.993674,0.024572,0.995360
MAIL,0.988327,0.998876,0.000112,0.993574
FTP-CONTROL,1.000000,1.000000,0.000000,1.000000
FTP-PASV,0.863309,0.970874,0.000951,0.913938
ATTACK,nan,0.000000,0.002089,nan
P2P,0.929293,0.926174,0.001138,0.927731
DATABASE,0.983051,0.989761,0.000155,0.986395
FTP-DATA,0.948960,0.980469,0.000524,0.964457
MULTIMEDIA,nan,nan,0.000000,nan
SERVICES,1.000000,0.858156,0.001025,0.923664
INTERACTIVE,1.000000,1.000000,0.000000,1.000000
