class,recall,precision,fpr,f1
WWW,0.985638,0.970702,0.115165,0.978113
MAIL,0.939411,0.838294,0.018287,0.885976
FTP-CONTROL,0.020761,0.400000,0.000465,0.039474
FTP-PASV,0.959712,0.898922,0.003962,0.928323
ATTACK,nan,0.000000,0.010496,nan
P2P,0.111111,0.235714,0.005536,0.151030
DATABASE,0.003390,0.038462,0.001293,0.006231
FTP-DATA,0.880907,0.939516,0.001571,0.909268
MULTIMEDIA,nan,nan,0.000000,nan
SERVICES,0.991736,0.821918,0.001333,0.898876
INTERACTIVE,0.250000,0.500000,0.000051,0.333333
