class,recall,precision,fpr,f1
WWW,0.997115,0.980518,0.076694,0.988747
MAIL,0.957198,0.958797,0.004151,0.957997
FTP-CONTROL,0.854671,0.901460,0.001396,0.877442
FTP-PASV,0.892086,0.803109,0.008029,0.845262
ATTACK,nan,0.000000,0.000815,nan
P2P,0.919192,0.682500,0.006570,0.783357
DATABASE,0.149153,0.936170,0.000155,0.257310
FTP-DATA,0.529301,0.856269,0.002461,0.654206
MULTIMEDIA,nan,0.000000,0.000662,nan
SERVICES,0.991736,1.000000,0.000000,0.995851
INTERACTIVE,0.000000,nan,0.000000,nan
