class,recall,precision,fpr,f1
WWW,0.999872,0.996486,0.013651,0.998176
MAIL,0.999444,1.000000,0.000000,0.999722
FTP-CONTROL,1.000000,1.000000,0.000000,1.000000
FTP-PASV,0.929496,0.990798,0.000317,0.959169
ATTACK,nan,0.000000,0.000102,nan
P2P,0.962963,0.979452,0.000310,0.971138
DATABASE,0.989831,1.000000,0.000000,0.994889
FTP-DATA,0.977316,0.982890,0.000471,0.980095
MULTIMEDIA,nan,nan,0.000000,nan
SERVICES,1.000000,1.000000,0.000000,1.000000
INTERACTIVE,1.000000,1.000000,0.000000,1.000000
