class,recall,precision,fpr,f1
WWW,0.997500,0.995903,0.015885,0.996701
MAIL,0.929961,0.973807,0.002524,0.951379
FTP-CONTROL,0.903114,0.674419,0.006516,0.772189
FTP-PASV,0.991367,0.683532,0.016851,0.809160
ATTACK,nan,0.000000,0.000051,nan
P2P,0.690236,0.659164,0.005484,0.674342
DATABASE,0.277966,0.677686,0.002017,0.394231
FTP-DATA,0.459357,0.960474,0.000524,0.621483
MULTIMEDIA,nan,0.000000,0.000102,nan
SERVICES,0.991736,0.594059,0.004204,0.743034
INTERACTIVE,0.000000,0.000000,0.000051,nan
