class,recall,precision,fpr,f1
WWW,0.999551,0.866930,0.593944,0.928529
MAIL,0.878266,0.969920,0.002749,0.921820
FTP-CONTROL,0.006920,1.000000,0.000000,0.013746
FTP-PASV,0.000000,nan,0.000000,nan
ATTACK,nan,nan,0.000000,nan
P2P,0.000000,nan,0.000000,nan
DATABASE,0.000000,nan,0.000000,nan
FTP-DATA,0.020794,0.916667,0.000052,0.040665
MULTIMEDIA,nan,nan,0.000000,nan
SERVICES,0.000000,nan,0.000000,nan
INTERACTIVE,0.000000,nan,0.000000,nan
