class,recall,precision,fpr,f1
WWW,0.999744,0.999295,0.002730,0.999519
MAIL,0.999444,0.998334,0.000168,0.998889
FTP-CONTROL,1.000000,1.000000,0.000000,1.000000
FTP-PASV,0.995683,0.989986,0.000370,0.992826
ATTACK,nan,0.000000,0.000051,nan
P2P,0.959596,0.976027,0.000362,0.967742
DATABASE,0.979661,1.000000,0.000000,0.989726
FTP-DATA,0.977316,0.982890,0.000471,0.980095
MULTIMEDIA,nan,0.000000,0.000051,nan
SERVICES,1.000000,1.000000,0.000000,1.000000
INTERACTIVE,0.750000,1.000000,0.000000,0.857143
