class,recall,precision,fpr,f1
WWW,0.000321,0.076923,0.014892,0.000638
MAIL,0.115620,0.310448,0.025916,0.168489
FTP-CONTROL,0.048443,0.068627,0.009826,0.056795
FTP-PASV,0.000000,0.000000,0.004015,nan
ATTACK,nan,0.000000,0.204321,nan
P2P,0.030303,0.011658,0.039474,0.016838
DATABASE,0.037288,0.027160,0.020382,0.031429
FTP-DATA,0.052930,0.204380,0.005708,0.084084
MULTIMEDIA,nan,0.000000,0.005146,nan
SERVICES,0.000000,0.000000,0.468598,nan
INTERACTIVE,0.750000,0.000742,0.205942,0.001482
