class,recall,precision,fpr,f1
WWW,0.999808,0.999231,0.002978,0.999519
MAIL,1.000000,0.999444,0.000056,0.999722
FTP-CONTROL,1.000000,1.000000,0.000000,1.000000
FTP-PASV,0.995683,0.984353,0.000581,0.989986
ATTACK,nan,nan,0.000000,nan
P2P,0.952862,0.992982,0.000103,0.972509
DATABASE,0.989831,1.000000,0.000000,0.994889
FTP-DATA,0.981096,0.982955,0.000471,0.982025
MULTIMEDIA,nan,0.000000,0.000051,nan
SERVICES,0.975207,1.000000,0.000000,0.987448
INTERACTIVE,1.000000,1.000000,0.000000,1.000000
